pn_num,case_num,pn_history
0,0,"17-year-old male, has come to the student health clinic complaining of heart pounding. Mr. Cleveland's mother has given verbal consent for a history, physical examination, and treatment
-began 2-3 months ago,sudden,intermittent for 2 days(lasting 3-4 min),worsening,non-allev/aggrav
-associated with dispnea on exersion and rest,stressed out about school
-reports fe feels like his heart is jumping out of his chest
-ros:denies chest pain,dyaphoresis,wt loss,chills,fever,nausea,vomiting,pedal edeam
-pmh:non,meds :aderol (from a friend),nkda
-fh:father had MI recently,mother has thyroid dz
-sh:non-smoker,mariguana 5-6 months ago,3 beers on the weekend, basketball at school
-sh:no std"
1,0,"17 yo male with recurrent palpitations for the past 3 mo lasting about 3 - 4 min, it happened about 5 - 6 times since the beginning. One time durign a baskeball game two days ago light headedness, pressure in the chest, catching breath, but no fainting. During teh episodes no sweating. No diarrhea, no heat intolerance, no weight loss. Has tried aterol to be able to better concentrate, has received it from his roommate. ."
2,0,"Dillon Cleveland is a 17 y.o. male patient with no significant PMH who presents with complaints of heart pounding. This has been going on for a few months and happens once or twice a month. He cannot think of any triggers, and it has occurred both with activity and at rest. Occasionally, it is accompanied by chest pressure but not pain that is located at the center of his chest. On one instance, he experienced chest pressure, lightheadedness and shortness of breath for 10 minutes with the heart pounding. 

Otherwise, he has not had shortness of breath, chest pain, anxiety, 

Medication: adderall twice a week as study aid (not prescribed)
FH: mother - thyroid disease, father - heart attack at age 52, both living
SH: no smoking; 3-4 drinks on the weekend per sitting; marijuanna once recently, no other recreational drugs"
3,0,"a 17 yo m c/o palpitation started 3 mos ago; 
NOTHING IMPROVES OR EXACERBATES THE SYMPTOMS ACCORDING TO HIM; IT CAN HAPPEN ANY TIME; MAY TAKE A FEW MINUTES; LAST TIME HAPPENED 2 DAYS AGO DURING PLAYING A GAME AND IT WAS ASSOCIATED WITH RETROSTERNAL PRESSURE LIKE DISCOMFORT; AND HE FELT LIGHTHEADED. BUT HE DID NOT LOSE CONCIOUSNESS AND DID NOT FALL. 
NOT ASSOCIATED WITH NAUSEA VOMITING; HEADACHE; ABDOMINAL PAIN; CHANGES IN URINATION OR BOWEL HABITS, OR TREMOR OR SKIN OR HAIR CHANGE OR INTOLERABC

PMH NONE
PSHH: NONE
MEDS: ADEROL TO STAY AWAKE
HOSP: NONE
FH: MOTHER HAS THYROID DISEASE; FATHER HAS CAD X 1 YR
SH: NO SMOKING; DRINKING ON WEEKENDS CAGE 0/4; ONE TIME USE OF MARIJUANA


"
4,0,"17yo male with no pmh here for evaluation of palpitations. States for the last 3-4mo he has felt that his heart with intermittently ""beat out of his chest,"" with some associated difficulty catching his breath. States that the most recent event was 2 days ago, and during activity at a soccer game. He does not seem to note any specific precipitatinig factors at this time. He also states that he feels as if he will faint during these events, but has not lost consciousness at any point. Furthermore, he does endorse theses attacks occuring 1-2 times a month and peak at 4 mins. He denies any stressors at home. ROS: denies weight loss, fevers, recnet illness, change in bowel habits. PMH: negative, PSH negative, FHX mom with thyroid disorder, dad with heart condition and MI at 52yo. SHX no tobacco, ETOH on weekends, Marijuana tried a month ago. Med: is taking some of roommates Adderoll intermittently (last was 2 days ago prior to event). KNDA"
5,0,"17 yo m, presenting with palpitations/increased heart rate, 5-6 episodes in the past few months, most recently 2 days ago. 2 days ago, episode was associated with chest pressure, shortness of breath, and lightheadedness.
No diaphoresis, no vomiting, no tremor, no loss of consciousness
No fever, no nausea or vomiting or diarrhea
No rash, no change in skin colour
Appetite good
Denies anxiety prior to or during this episode
PHx: healthy
Medications: Taking friend's prescription Adderral to help study for tests (not prescribed for him); taking a few times per week - reported no temporal relation to palpitations
Allergies: none
Substances: no cigarettes, 3-4 beers on weekends, Adderall; no cocaine use or other substances
Social history: freshman in college - reported no concerns about school
Family history: father - MI at 52, mother - thyroid disease"
6,0,"17 yo male presents with 3-4 month history of heart pounding and racing. The episodes last 3-4 minutes. He has had 5-6 total episodes. The stop on their own. Most recent episode was accompanied by chest pressure and shortness of breath, and lasted 10 minutes. He consumes 3-4 cups of coffee/night and drinks energy drinks weekly. - fever, weight loss, sleeping problems. - temperature intolerance, skin changes, bowel changes. 
ROS: negative except per HPI
PMH: none
PSH: none
SH: Denies tobacco use. Has tried marijuana once, no other illicit use. Alcohol 3-4/weekend. Patient has been using roommates Adderall prescription a few times per week starting a few months ago. Last time of use was 2 days ago. Sexually active with girlfriend; uses condoms. College student studying marketing.
Meds: none
Allergies: none"
7,0,"17 yo male presents with a 2-3 month history of episodic pounding heart with increased rate. Episodes are sporadic with no association with physical activity or use of adderall. No alleviating or aggrevating factors. Denies syncope. Endorses single episode 2 days ago of increased heart rate with associated feeling of chest pressure, lightheadedness, and difficulty breathing. Episode lasted 10 minutes and required him to sit down. 

PMHx, PSurgHx: none
FH: mother ""thyroid problems."" Father MI at 52 yo. 
Meds: none
Allergies: NKA
SH: full time college student studying philosophy. EtOH: 3-4 beers on the weekends. Tobacco: never. Recreational drug use: routinely uses roommate Aderall for studying. Sex: girlfriend of a year, routinely uses condoms for contraception."
